{
    "keep": {
        "days": true,
        "amount": 14
    },
    "auditLog": "logs\\.d1c41007d5456beb569715087af4caf081a43434-audit.json",
    "files": [
        {
            "date": 1627089852213,
            "name": "logs\\2021-07-24.log",
            "hash": "59cca5492ca3fc927f0b70f096c5133a"
        },
        {
            "date": 1627156212720,
            "name": "logs\\2021-07-25.log",
            "hash": "981ffafcc0df47cae627df684a009c5a"
        },
        {
            "date": 1627237118463,
            "name": "logs\\2021-07-26.log",
            "hash": "559aaaac0e00d0879271c48d1b95ca82"
        },
        {
            "date": 1627336728744,
            "name": "logs\\2021-07-27.log",
            "hash": "3fba87785634501ad52b48a1ca4f9a72"
        },
        {
            "date": 1627409966068,
            "name": "logs\\2021-07-28.log",
            "hash": "5ed7aa42fe7d0ce67dcb1e3cea332ba8"
        }
    ]
}